# authority: IEEE Std 1003.1-2017 and The Open Group Base Specifications Issue 7, 2018 edition
# source: susv4-2018/utilities/V3_chap02.html tag_18_10 through tag_18_10_02
# derivation: 3 lexical classifications, 11 context rules, and 111 alternatives across 47 productions
# snapshot-count: 125
# ordered-key-sha256: b0fdb308b771070cf97c8487fa584ab141a395cc922aefe96030d230b8c03c38
# ordered-source-row-sha256: db0d57893ee7683fcf8046c52db4b2fde5463f111cc6166c81e56266afa99741
requirement	kind	production	alternative	source_sha256	state	witness	next_action
tag_18_10_01.lex01_operator	lexical	-	If the token is an operator, the token identifier for that operator shall result.	830954d8b35fbb38276158d6e9491c67d1e62b8a27cd90df6a956637b5aeac75	closed	tests:test/boot/x86_64_shell_test.py#tag_18_10_01.lex01_operator.complete_operator_identifiers	-
tag_18_10_01.lex02_io_number	lexical	-	If the string consists solely of digits and the delimiter character is one of '<' or '>', the token identifier IO_NUMBER shall be returned.	213928746b24aec508d93978ca78c84bcc16813c3bf31a8a77f47aaceb4446fb	closed	tests:test/boot/x86_64_shell_test.py#tag_18_10_01.lex02_io_number.redirection_delimiter_matrix	-
tag_18_10_01.lex03_token	lexical	-	Otherwise, the token identifier TOKEN results.	b4e08e20760f5dfbf189a318d6d6a80e584d35cd44eeb9ae8298f9605def9673	closed	tests:test/boot/x86_64_shell_test.py#tag_18_10_01.lex03_token.nonoperator_token_matrix	-
tag_18_10_02.rule01_command_name	context	-	[Command Name] When the TOKEN is exactly a reserved word, the token identifier for that reserved word shall result. Otherwise, the token WORD shall be returned. Also, if the parser is in any state where only a reserved word could be the next correct token, proceed as above. Note: Because at this point <quotation-mark> characters are retained in the token, quoted strings cannot be recognized as reserved words. This rule also implies that reserved words are not recognized except in certain positions in the input, such as after a <newline> or <semicolon>; the grammar presumes that if the reserved word is intended, it is properly delimited by the user, and does not attempt to reflect that requirement directly. Also note that line joining is done before tokenization, as described in Escape Character (Backslash), so escaped <newline> characters are already removed at this point. Rule 1 is not directly referenced in the grammar, but is referred to by other rules, or applies globally.	34df16576073578507785280298837a3b80154c579c9f64cf8eaccb864cc9ced	closed	tests:test/boot/x86_64_shell_test.py#tag_18_10_02.rule01_command_name.reserved_word_contexts,test/boot/x86_64_shell_test.py#tag_18_10_02.rule01_command_name.quoted_reserved_word_is_word,test/boot/x86_64_shell_test.py#tag_18_10_02.rule01_command_name.line_joining_precedes_classification	-
tag_18_10_02.rule02_redirection_filename	context	-	[Redirection to or from filename] The expansions specified in Redirection shall occur. As specified there, exactly one field can result (or the result is unspecified), and there are additional requirements on pathname expansion.	297611d2dcc211ab068960da989fefc181bf40c4a84f277a864b40d2b51b7fd0	closed	tests:test/boot/x86_64_shell_test.py#tag_18_10_02.rule02_redirection_filename.expansion_and_noninteractive_pathname	-
tag_18_10_02.rule03_here_document	context	-	[Redirection from here-document] Quote removal shall be applied to the word to determine the delimiter that is used to find the end of the here-document that begins after the next <newline>.	33799f7f93e80c1bbe79cdd2581c60d5720725976f5b195f5d84d7351d8fccf0	closed	tests:test/boot/x86_64_shell_test.py#tag_18_10_02.rule03_here_document.quote_removed_delimiter_matrix	-
tag_18_10_02.rule04_case_termination	context	-	[Case statement termination] When the TOKEN is exactly the reserved word esac, the token identifier for esac shall result. Otherwise, the token WORD shall be returned.	38c02c277367d5146617f7c96027ed745d510b2ae4ea013434e94543a27dd064	closed	tests:test/boot/x86_64_shell_test.py#tag_18_10_02.rule04_case_termination.esac_context_boundary	-
tag_18_10_02.rule05_for_name	context	-	[ NAME in for] When the TOKEN meets the requirements for a name (see XBD Name ), the token identifier NAME shall result. Otherwise, the token WORD shall be returned.	5dbbeb23b1581456d11ca823e956eff0e465a35572ed945a184c80cabf328d85	closed	tests:test/boot/x86_64_shell_test.py#tag_18_10_02.rule05_for_name.valid_and_invalid_name_matrix	-
tag_18_10_02.rule06a_case_in	context	-	[ case only] When the TOKEN is exactly the reserved word in, the token identifier for in shall result. Otherwise, the token WORD shall be returned.	c6957f62ee51bda71ac0debfe30b9b039deea5a3d8765b9e83ada7c981237cc3	closed	tests:test/boot/x86_64_shell_test.py#tag_18_10_02.rule06a_case_in.in_context_boundary	-
tag_18_10_02.rule06b_for_in_do	context	-	[ for only] When the TOKEN is exactly the reserved word in or do, the token identifier for in or do shall result, respectively. Otherwise, the token WORD shall be returned.	bd9642c71cec86f9124c68c874cb8cd7b03c19860d28db41c8a09572a5469fb3	closed	tests:test/boot/x86_64_shell_test.py#tag_18_10_02.rule06b_for_in_do.in_do_context_boundary	-
tag_18_10_02.rule07a_assignment_first	context	-	[When the first word] If the TOKEN does not contain the character '=', rule 1 is applied. Otherwise, 7b shall be applied.	8c84d4b6da70d7370f7cec00f28c4e02c2543e82e447548a13d907f360d1f035	closed	tests:test/boot/x86_64_shell_test.py#tag_18_10_02.rule07a_assignment_first.first_word_dispatch	-
tag_18_10_02.rule07b_assignment_later	context	-	[Not the first word] If the TOKEN contains an unquoted (as determined while applying rule 4 from Token Recognition) <equals-sign> character that is not part of an embedded parameter expansion, command substitution, or arithmetic expansion construct (as determined while applying rule 5 from Token Recognition): If the TOKEN begins with '=', then rule 1 shall be applied. If all the characters in the TOKEN preceding the first such <equals-sign> form a valid name (see XBD Name), the token ASSIGNMENT_WORD shall be returned. Otherwise, it is unspecified whether rule 1 is applied or ASSIGNMENT_WORD is returned. Otherwise, rule 1 shall be applied.	856d6f5ca1c125cecf2d025184679a58d5c75cf050314ae259502fd76f80e67f	closed	tests:test/boot/x86_64_shell_test.py#tag_18_10_02.rule07b_assignment_later.assignment_and_word_boundary	-
tag_18_10_02.rule08_function_name	context	-	[ NAME in function] When the TOKEN is exactly a reserved word, the token identifier for that reserved word shall result. Otherwise, when the TOKEN meets the requirements for a name, the token identifier NAME shall result. Otherwise, rule 7 applies.	946e21a2dda939c65412ff150ea3315b2b278fb20744874fb07aa5290be1bc48	closed	tests:test/boot/x86_64_shell_test.py#tag_18_10_02.rule08_function_name.name_dispatch_matrix	-
tag_18_10_02.rule09_function_body	context	-	[Body of function] Word expansion and assignment shall never occur, even when required by the rules above, when this rule is being parsed. Each TOKEN that might either be expanded or have assignment applied to it shall instead be returned as a single WORD consisting only of characters that are exactly the token described in Token Recognition.	ffd13c2c6c94921b44a7a52b9c25b8df29fb866c8134a1acdce15d7643f943fe	closed	tests:test/boot/x86_64_shell_test.py#tag_18_10_02.rule09_function_body.deferred_expansion_and_assignment,test/boot/x86_64_shell_test.py#tag_18_10_02.rule09_function_body.compound_body_matrix	-
tag_18_10_02.grammar.program.alt01	grammar	program	linebreak complete_commands linebreak	3114abce4234cf8d42aa903c6cff6abaa658676d8b1f8a7a85495b85637a7fcb	closed	tests:test/boot/x86_64_shell_test.py#tag_18_10_02.grammar.program.alt01.leading_and_trailing_linebreak	-
tag_18_10_02.grammar.program.alt02	grammar	program	linebreak	3400c0920442f7d788ba8f6238832495bc4176a428544358e053493cbaf7ec93	closed	tests:test/boot/x86_64_shell_test.py#tag_18_10_02.grammar.program.alt02.linebreak_only	-
tag_18_10_02.grammar.complete_commands.alt01	grammar	complete_commands	complete_commands newline_list complete_command	3aadced3e522515b11833f58574081af2352b9412a26cf929e1449fcd8adad5f	closed	tests:test/boot/x86_64_shell_test.py#tag_18_10_02.grammar.complete_commands.alt01.recursive_newline_list	-
tag_18_10_02.grammar.complete_commands.alt02	grammar	complete_commands	complete_command	8eb1d3dafe9fcc1c7bd7c596938be881b265a4df62fd5a8967ac82c45592e2d4	closed	tests:test/boot/x86_64_shell_test.py#tag_18_10_02.grammar.complete_commands.alt02.single_complete_command	-
tag_18_10_02.grammar.complete_command.alt01	grammar	complete_command	list separator_op	17230807d109e6dfdcfce12e241e9cef0c2184b7165ed2ee6d56ef62e1a88ad6	closed	tests:test/boot/x86_64_shell_test.py#tag_18_10_02.grammar.complete_command.alt01.trailing_separator	-
tag_18_10_02.grammar.complete_command.alt02	grammar	complete_command	list	a330395cc0a53ad1207736546afff4735940937564bbf75ce1edad40780d9139	closed	tests:test/boot/x86_64_shell_test.py#tag_18_10_02.grammar.complete_command.alt02.list_at_end_of_input	-
tag_18_10_02.grammar.list.alt01	grammar	list	list separator_op and_or	f866bec4250ce5f94403dc3c634438b56143038ce1d102abc840b8eae0a9f279	closed	tests:test/boot/x86_64_shell_test.py#tag_18_10_02.grammar.list.alt01.recursive_separator_and_or	-
tag_18_10_02.grammar.list.alt02	grammar	list	and_or	14c411e7605a0ff68d04776dc4bb5c9907c16855b73d6e86a4db010c4289646c	closed	tests:test/boot/x86_64_shell_test.py#tag_18_10_02.grammar.list.alt02.single_and_or	-
tag_18_10_02.grammar.and_or.alt01	grammar	and_or	pipeline	23bf0d244a4cb62c85fc3aa0e8ebf8eb7eb970522a51326adf1ac015fc738c7c	closed	tests:test/boot/x86_64_shell_test.py#tag_18_10_02.grammar.and_or.alt01.single_pipeline	-
tag_18_10_02.grammar.and_or.alt02	grammar	and_or	and_or AND_IF linebreak pipeline	e70dd6e880269eb8018f119adf6b817fa38cf8778083470d5d3bf2a9b543c7ec	closed	tests:test/boot/x86_64_shell_test.py#tag_18_10_02.grammar.and_or.alt02.and_if_with_linebreak	-
tag_18_10_02.grammar.and_or.alt03	grammar	and_or	and_or OR_IF linebreak pipeline	137269cf2a90b2378fde1d3f3bdf76b2e35895333d6953725b710eab5a6897b3	closed	tests:test/boot/x86_64_shell_test.py#tag_18_10_02.grammar.and_or.alt03.or_if_with_linebreak	-
tag_18_10_02.grammar.pipeline.alt01	grammar	pipeline	pipe_sequence	d263025cdccd44b9a07057a187e31683a7238cdf270f217d67f940fc0cdca29b	closed	tests:test/boot/x86_64_shell_test.py#tag_18_10_02.grammar.pipeline.alt01.single_pipe_sequence	-
tag_18_10_02.grammar.pipeline.alt02	grammar	pipeline	Bang pipe_sequence	d0e980a8d211c1b19aafea188fc6bd02e88c66ca7a99c2aa3a7753c7bb78a1c1	closed	tests:test/boot/x86_64_shell_test.py#tag_18_10_02.grammar.pipeline.alt02.negated_pipe_sequence	-
tag_18_10_02.grammar.pipe_sequence.alt01	grammar	pipe_sequence	command	5d347fd948b66308f502c3f65c8f7e12ff1c5cf8c760bcdfb188ae1ec7b8b618	closed	tests:test/boot/x86_64_shell_test.py#tag_18_10_02.grammar.pipe_sequence.alt01.single_command	-
tag_18_10_02.grammar.pipe_sequence.alt02	grammar	pipe_sequence	pipe_sequence '|' linebreak command	9d9acf398d7445e142281a9799410d6330695401ecc5204f0df2cbe2181d9c26	closed	tests:test/boot/x86_64_shell_test.py#tag_18_10_02.grammar.pipe_sequence.alt02.recursive_pipe_linebreak	-
tag_18_10_02.grammar.command.alt01	grammar	command	simple_command	04d7174f44f342f494d79238240ac55e0904ee5ea0e0dfd303d6327470f2358e	closed	tests:test/boot/x86_64_shell_test.py#tag_18_10_02.grammar.command.alt01.simple_command	-
tag_18_10_02.grammar.command.alt02	grammar	command	compound_command	c29a81b30e000e37d9956dc352140f1d3f3edb27da4b640c4356f1d3d8a271c9	closed	tests:test/boot/x86_64_shell_test.py#tag_18_10_02.grammar.command.alt02.compound_command	-
tag_18_10_02.grammar.command.alt03	grammar	command	compound_command redirect_list	302d7dc848cb95a6d5afb7b8da2c99ad337a7672a709f2da7fddfaf11a8a4ada	closed	tests:test/boot/x86_64_shell_test.py#tag_18_10_02.grammar.command.alt03.compound_command_redirect_list	-
tag_18_10_02.grammar.command.alt04	grammar	command	function_definition	b1e0ce9e5aae2de77ccf65d463899f949986224d9d7474c980fadbb66c7084ec	closed	tests:test/boot/x86_64_shell_test.py#tag_18_10_02.grammar.command.alt04.function_definition	-
tag_18_10_02.grammar.compound_command.alt01	grammar	compound_command	brace_group	6ddcde818fc6df1c087f194c5d464e204dcf216a345c25e94d282fd16f15d7ad	closed	tests:test/boot/x86_64_shell_test.py#tag_18_10_02.grammar.compound_command.alt01.brace_group	-
tag_18_10_02.grammar.compound_command.alt02	grammar	compound_command	subshell	9ea919618311c2137372c4e7a71d23afc055094eacca931b31feca6d622f3c8c	closed	tests:test/boot/x86_64_shell_test.py#tag_18_10_02.grammar.compound_command.alt02.subshell	-
tag_18_10_02.grammar.compound_command.alt03	grammar	compound_command	for_clause	9e24fafb370058630012f55068644f2d921cf731ec13ea955dd469db5ba0d850	closed	tests:test/boot/x86_64_shell_test.py#tag_18_10_02.grammar.compound_command.alt03.for_clause	-
tag_18_10_02.grammar.compound_command.alt04	grammar	compound_command	case_clause	68dc343912eb776599e203795993a8aba70fdb8487178615a6b1281d09cce11f	closed	tests:test/boot/x86_64_shell_test.py#tag_18_10_02.grammar.compound_command.alt04.case_clause	-
tag_18_10_02.grammar.compound_command.alt05	grammar	compound_command	if_clause	7ef63403c3f31b69cc79ab908bb9aed0dfd1d8f328d9dd636f23428fe515ebac	closed	tests:test/boot/x86_64_shell_test.py#tag_18_10_02.grammar.compound_command.alt05.if_clause	-
tag_18_10_02.grammar.compound_command.alt06	grammar	compound_command	while_clause	15d73dd4ecfe850ef459e5e10c16105c49d24f4a3fe1318f5a3b0199d988a7a3	closed	tests:test/boot/x86_64_shell_test.py#tag_18_10_02.grammar.compound_command.alt06.while_clause	-
tag_18_10_02.grammar.compound_command.alt07	grammar	compound_command	until_clause	1b6993acdc13f6bf812cbf897406525663a5799d8c857c7abc9e251ef4bdbccd	closed	tests:test/boot/x86_64_shell_test.py#tag_18_10_02.grammar.compound_command.alt07.until_clause	-
tag_18_10_02.grammar.subshell.alt01	grammar	subshell	'(' compound_list ')'	a8c8866d7bc05a97a4c652e78e8ca9c65f9e0b269037bb073db9f8f450dcf1a8	closed	tests:test/boot/x86_64_shell_test.py#tag_18_10_02.grammar.subshell.alt01.environment_isolation	-
tag_18_10_02.grammar.compound_list.alt01	grammar	compound_list	linebreak term	01915953d131c906fbd907153f45ec1c43c9369e74ffd314fe766c3a8d8320c2	closed	tests:test/boot/x86_64_shell_test.py#tag_18_10_02.grammar.compound_list.alt01.linebreak_term	-
tag_18_10_02.grammar.compound_list.alt02	grammar	compound_list	linebreak term separator	58f1a1dcc47f7cce57aaa4ce08bf167340222e09a13acb1cdcb705e390671593	closed	tests:test/boot/x86_64_shell_test.py#tag_18_10_02.grammar.compound_list.alt02.term_separator	-
tag_18_10_02.grammar.term.alt01	grammar	term	term separator and_or	04f1e260568d8a6bc146139d7606556da9a6ef2d7e21ed7e4f4b7374e09aafbe	closed	tests:test/boot/x86_64_shell_test.py#tag_18_10_02.grammar.term.alt01.recursive_separator_and_or	-
tag_18_10_02.grammar.term.alt02	grammar	term	and_or	14c411e7605a0ff68d04776dc4bb5c9907c16855b73d6e86a4db010c4289646c	closed	tests:test/boot/x86_64_shell_test.py#tag_18_10_02.grammar.term.alt02.single_and_or	-
tag_18_10_02.grammar.for_clause.alt01	grammar	for_clause	For name do_group	16bfa41f04a9f4e88fb0709aa27c9dc10568d91cf8bd9d225509755dbef91c89	closed	tests:test/boot/x86_64_shell_test.py#tag_18_10_02.grammar.for_clause.alt01.default_positional_list	-
tag_18_10_02.grammar.for_clause.alt02	grammar	for_clause	For name sequential_sep do_group	189fa356d89b19dab6f726f1b3fdab7ec3af16d9f294d71de88d701505d47846	closed	tests:test/boot/x86_64_shell_test.py#tag_18_10_02.grammar.for_clause.alt02.omitted_in_semicolon	-
tag_18_10_02.grammar.for_clause.alt03	grammar	for_clause	For name linebreak in sequential_sep do_group	64f6e82e2aecf3dfc6911a3f5cc66b822e54232b57c449421a15498064b07f2e	closed	tests:test/boot/x86_64_shell_test.py#tag_18_10_02.grammar.for_clause.alt03.empty_in_wordlist	-
tag_18_10_02.grammar.for_clause.alt04	grammar	for_clause	For name linebreak in wordlist sequential_sep do_group	071e707e12aedb53d8de7719909c5621ad3e286c8e29fbae32deefbc1a84cfb3	closed	tests:test/boot/x86_64_shell_test.py#tag_18_10_02.grammar.for_clause.alt04.explicit_wordlist	-
tag_18_10_02.grammar.name.alt01	grammar	name	NAME /* Apply rule 5 */	7573ec1ab28f9a0adb2bcd91cf898404c66692d98404ef463cd76b90abb5638f	closed	tests:test/boot/x86_64_shell_test.py#tag_18_10_02.grammar.name.alt01.valid_name	-
tag_18_10_02.grammar.in.alt01	grammar	in	In /* Apply rule 6 */	f11b10030f5ce834d6b2d6f0613d28757270fbb96d36d406d8fa8a8acbcffe0d	closed	tests:test/boot/x86_64_shell_test.py#tag_18_10_02.grammar.in.alt01.reserved_word	-
tag_18_10_02.grammar.wordlist.alt01	grammar	wordlist	wordlist WORD	b2f791258debfefa6386159d9db884a5b5075eac89e8fb9e1300f125900bf3ca	closed	tests:test/boot/x86_64_shell_test.py#tag_18_10_02.grammar.wordlist.alt01.recursive_words	-
tag_18_10_02.grammar.wordlist.alt02	grammar	wordlist	WORD	cb2df9a0081dc2de50afb86e0bd43752dc6983d13c411271a75302194aba4316	closed	tests:test/boot/x86_64_shell_test.py#tag_18_10_02.grammar.wordlist.alt02.single_word	-
tag_18_10_02.grammar.case_clause.alt01	grammar	case_clause	Case WORD linebreak in linebreak case_list Esac	247b68dc909101aca10ab16fdd0ffeb4aa983555bb562665d8b4e4b8ca888093	closed	tests:test/boot/x86_64_shell_test.py#tag_18_10_02.grammar.case_clause.alt01.terminated_case_list	-
tag_18_10_02.grammar.case_clause.alt02	grammar	case_clause	Case WORD linebreak in linebreak case_list_ns Esac	6538da0da21c1f1a203f4c467de01dc21056656cae8e14ecc6e95c7dcb10f149	closed	tests:test/boot/x86_64_shell_test.py#tag_18_10_02.grammar.case_clause.alt02.final_unterminated_item	-
tag_18_10_02.grammar.case_clause.alt03	grammar	case_clause	Case WORD linebreak in linebreak Esac	617ceaefc1f356a41aa2634e3e6f8e959f4e811d33fb6f5552d8ef158983a05f	closed	tests:test/boot/x86_64_shell_test.py#tag_18_10_02.grammar.case_clause.alt03.empty_case_list	-
tag_18_10_02.grammar.case_list_ns.alt01	grammar	case_list_ns	case_list case_item_ns	a4d490df1455da584b9e20eca012385e92a5e0596e0bf5256d63dd981d5b4bc2	closed	tests:test/boot/x86_64_shell_test.py#tag_18_10_02.grammar.case_list_ns.alt01.mixed_final_item	-
tag_18_10_02.grammar.case_list_ns.alt02	grammar	case_list_ns	case_item_ns	e93b07f2eff6dc33ac9b84c8b35b6556ae25c8218146d17d4174145927e89fd9	closed	tests:test/boot/x86_64_shell_test.py#tag_18_10_02.grammar.case_list_ns.alt02.single_final_item	-
tag_18_10_02.grammar.case_list.alt01	grammar	case_list	case_list case_item	d7248ee1831cefc24915feda0667017dc93364776da60c8b4cc9d62cb750e529	closed	tests:test/boot/x86_64_shell_test.py#tag_18_10_02.grammar.case_list.alt01.multiple_terminated_items	-
tag_18_10_02.grammar.case_list.alt02	grammar	case_list	case_item	c5c38b31c7fde9d925fc2dd8c5b90a67dcdb0c1ae6e9e41c9ac6cd882ab1e94d	closed	tests:test/boot/x86_64_shell_test.py#tag_18_10_02.grammar.case_list.alt02.single_terminated_item	-
tag_18_10_02.grammar.case_item_ns.alt01	grammar	case_item_ns	pattern ')' linebreak	ff72075d00ff7e4374c8a974246338160d7623a58d2d2c6212827a0e2796a188	closed	tests:test/boot/x86_64_shell_test.py#tag_18_10_02.grammar.case_item_ns.alt01.empty_body	-
tag_18_10_02.grammar.case_item_ns.alt02	grammar	case_item_ns	pattern ')' compound_list	9862bc2926fd7989a6182afa7697a8a8d780d54d96002e66a66a12e2b306b6c6	closed	tests:test/boot/x86_64_shell_test.py#tag_18_10_02.grammar.case_item_ns.alt02.compound_body	-
tag_18_10_02.grammar.case_item_ns.alt03	grammar	case_item_ns	'(' pattern ')' linebreak	d4be82e5caad0eb7729609ffa479c5f622379dad5af49c5c4c407272d54c41b4	closed	tests:test/boot/x86_64_shell_test.py#tag_18_10_02.grammar.case_item_ns.alt03.leading_parenthesis_empty	-
tag_18_10_02.grammar.case_item_ns.alt04	grammar	case_item_ns	'(' pattern ')' compound_list	b22765442656df1e1df17d747a227bf2a2bf5367d1dd2bb7e43f027bf02f081a	closed	tests:test/boot/x86_64_shell_test.py#tag_18_10_02.grammar.case_item_ns.alt04.leading_parenthesis_body	-
tag_18_10_02.grammar.case_item.alt01	grammar	case_item	pattern ')' linebreak DSEMI linebreak	5c7eec5e5bceecb35d050136e81df028a7160b7fb3c7b40d56e874b581f9afbc	closed	tests:test/boot/x86_64_shell_test.py#tag_18_10_02.grammar.case_item.alt01.empty_body	-
tag_18_10_02.grammar.case_item.alt02	grammar	case_item	pattern ')' compound_list DSEMI linebreak	4ac53b7ef554f0e500058c8837f40a8bb16560d04d70c3200221205ec6815511	closed	tests:test/boot/x86_64_shell_test.py#tag_18_10_02.grammar.case_item.alt02.compound_body	-
tag_18_10_02.grammar.case_item.alt03	grammar	case_item	'(' pattern ')' linebreak DSEMI linebreak	b64b5eb78235f4fd3652a85205edb6e58eb83a19d4427d7262be1ceaf1898138	closed	tests:test/boot/x86_64_shell_test.py#tag_18_10_02.grammar.case_item.alt03.leading_parenthesis_empty	-
tag_18_10_02.grammar.case_item.alt04	grammar	case_item	'(' pattern ')' compound_list DSEMI linebreak	819dfcd2e7b7841c633574262ad315295666be18dabbed7757341d2b765e5629	closed	tests:test/boot/x86_64_shell_test.py#tag_18_10_02.grammar.case_item.alt04.leading_parenthesis_body	-
tag_18_10_02.grammar.pattern.alt01	grammar	pattern	WORD /* Apply rule 4 */	ca392f85f9813499b4044c8fc107605a4d642a26f1d2a326ebe389e6fba09598	closed	tests:test/boot/x86_64_shell_test.py#tag_18_10_02.grammar.pattern.alt01.single_word	-
tag_18_10_02.grammar.pattern.alt02	grammar	pattern	pattern '|' WORD /* Do not apply rule 4 */	ea58d6c3c3001d3c82ad3bdea2518a27b99041089a6c779af1673ed7ca02efe6	closed	tests:test/boot/x86_64_shell_test.py#tag_18_10_02.grammar.pattern.alt02.alternative_words	-
tag_18_10_02.grammar.if_clause.alt01	grammar	if_clause	If compound_list Then compound_list else_part Fi	4229458581878eef3b060d0c8bb38bf8c8b80663a22bed750e25df0d09a73d8d	closed	tests:test/boot/x86_64_shell_test.py#tag_18_10_02.grammar.if_clause.alt01.with_else_part	-
tag_18_10_02.grammar.if_clause.alt02	grammar	if_clause	If compound_list Then compound_list Fi	5f5f17b692ec85aab566f26952b3358fdc1084517fc95107da86c97b5a97e81c	closed	tests:test/boot/x86_64_shell_test.py#tag_18_10_02.grammar.if_clause.alt02.without_else_part	-
tag_18_10_02.grammar.else_part.alt01	grammar	else_part	Elif compound_list Then compound_list	e41740c1ae75e65a868e3fee624e64aea3a99ab48fe50abe8d42d5cb277175c3	closed	tests:test/boot/x86_64_shell_test.py#tag_18_10_02.grammar.else_part.alt01.elif_without_tail	-
tag_18_10_02.grammar.else_part.alt02	grammar	else_part	Elif compound_list Then compound_list else_part	ae36fd2bc76caa56d9dbe65e6367fe1ef0056b0354f379245c7015f41d33c70b	closed	tests:test/boot/x86_64_shell_test.py#tag_18_10_02.grammar.else_part.alt02.recursive_elif	-
tag_18_10_02.grammar.else_part.alt03	grammar	else_part	Else compound_list	e41be83474e347f2b50e0176065336d2ac54e60326dc0abd47f9943434502d81	closed	tests:test/boot/x86_64_shell_test.py#tag_18_10_02.grammar.else_part.alt03.else_branch	-
tag_18_10_02.grammar.while_clause.alt01	grammar	while_clause	While compound_list do_group	4f36be7ee2177e40721246cfb93a08388e7c6fc40b8a30178cb8bd04e1ff0944	closed	tests:test/boot/x86_64_shell_test.py#tag_18_10_02.grammar.while_clause.alt01.repeated_condition	-
tag_18_10_02.grammar.until_clause.alt01	grammar	until_clause	Until compound_list do_group	8e99afdff5f272569596b80e446bb579dc060ab32044659aecc159c37632e38d	closed	tests:test/boot/x86_64_shell_test.py#tag_18_10_02.grammar.until_clause.alt01.inverted_condition	-
tag_18_10_02.grammar.function_definition.alt01	grammar	function_definition	fname '(' ')' linebreak function_body	b7009bd3ce91b9346b4dfc5bc4885ba1a91cfc9c76b18712c1d33a8687d60dc7	closed	tests:test/boot/x86_64_shell_test.py#tag_18_10_02.grammar.function_definition.alt01.name_parens_body	-
tag_18_10_02.grammar.function_body.alt01	grammar	function_body	compound_command /* Apply rule 9 */	8c0e1441dbd7a818dc6bff09516e4a6934619757635f8c46fe8a52b1d7cc2450	closed	tests:test/boot/x86_64_shell_test.py#tag_18_10_02.grammar.function_body.alt01.compound_command	-
tag_18_10_02.grammar.function_body.alt02	grammar	function_body	compound_command redirect_list /* Apply rule 9 */	54903364c2bbdb7bb1972cab47c827acf5c67b81551e05dbcc9e51be7ffabfa2	closed	tests:test/boot/x86_64_shell_test.py#tag_18_10_02.grammar.function_body.alt02.compound_body_redirect	-
tag_18_10_02.grammar.fname.alt01	grammar	fname	NAME /* Apply rule 8 */	d35f1f5bf5d38245c3771ffd26984eef13386de742aa28c89bbffbf831b79e9a	closed	tests:test/boot/x86_64_shell_test.py#tag_18_10_02.grammar.fname.alt01.valid_name	-
tag_18_10_02.grammar.brace_group.alt01	grammar	brace_group	Lbrace compound_list Rbrace	509319eb0cdadc30b0bef7955722618262fd709f03d00c899aebed2cabf7a631	closed	tests:test/boot/x86_64_shell_test.py#tag_18_10_02.grammar.brace_group.alt01.current_environment	-
tag_18_10_02.grammar.do_group.alt01	grammar	do_group	Do compound_list Done /* Apply rule 6 */	e65f654180037ed9cf8ffa2c813086881b2b83b384ad00629e59b46d64efce56	closed	tests:test/boot/x86_64_shell_test.py#tag_18_10_02.grammar.do_group.alt01.do_done_body	-
tag_18_10_02.grammar.simple_command.alt01	grammar	simple_command	cmd_prefix cmd_word cmd_suffix	c9fac9b2af3e9a981e4d669e66aa25d7fd14b335ab6c5c2be65a116396ed003e	closed	tests:test/boot/x86_64_shell_test.py#tag_18_10_02.grammar.simple_command.alt01.prefix_word_suffix	-
tag_18_10_02.grammar.simple_command.alt02	grammar	simple_command	cmd_prefix cmd_word	4f07fbe7fd39271c2c097d355655b4294de1d6ddbab99d5a21fef7a40c3a7922	closed	tests:test/boot/x86_64_shell_test.py#tag_18_10_02.grammar.simple_command.alt02.prefix_word_no_suffix	-
tag_18_10_02.grammar.simple_command.alt03	grammar	simple_command	cmd_prefix	38a467187fb031c3c6894846817720d724708afe6456aaf1f3c412c7d8cf66d5	closed	tests:test/boot/x86_64_shell_test.py#tag_18_10_02.grammar.simple_command.alt03.prefix_only	-
tag_18_10_02.grammar.simple_command.alt04	grammar	simple_command	cmd_name cmd_suffix	3ec079fd0a326410eb22a4f51e1d8f701c87e43d466287bbe0288fa744b47887	closed	tests:test/boot/x86_64_shell_test.py#tag_18_10_02.grammar.simple_command.alt04.name_suffix	-
tag_18_10_02.grammar.simple_command.alt05	grammar	simple_command	cmd_name	f5a3c2e3bfb407c2c47f99e1c0a34bacc4a46cab33dd2ecf8c84ddb08bfc0687	closed	tests:test/boot/x86_64_shell_test.py#tag_18_10_02.grammar.simple_command.alt05.name_only	-
tag_18_10_02.grammar.cmd_name.alt01	grammar	cmd_name	WORD /* Apply rule 7a */	13df8f9a4ff36fa2c67b644e6a38f927ebae36fd15c802e05b5df62dc59fdaf2	closed	tests:test/boot/x86_64_shell_test.py#tag_18_10_02.grammar.cmd_name.alt01.command_word	-
tag_18_10_02.grammar.cmd_word.alt01	grammar	cmd_word	WORD /* Apply rule 7b */	d12ce29a166de253ccab039e34c85bd845bb0aeb4958634ec962ad9077231ff2	closed	tests:test/boot/x86_64_shell_test.py#tag_18_10_02.grammar.cmd_word.alt01.word_after_prefix	-
tag_18_10_02.grammar.cmd_prefix.alt01	grammar	cmd_prefix	io_redirect	1cc317f7073d7ad34661edc5ba0e4f1732b23db1d48c470efec18207c3d46cad	closed	tests:test/boot/x86_64_shell_test.py#tag_18_10_02.grammar.cmd_prefix.alt01.single_io_redirect	-
tag_18_10_02.grammar.cmd_prefix.alt02	grammar	cmd_prefix	cmd_prefix io_redirect	2558326bf52314db3fd33bfa23a17af29d71203431934fbe8c606f9001bc81a6	closed	tests:test/boot/x86_64_shell_test.py#tag_18_10_02.grammar.cmd_prefix.alt02.multiple_prefix_redirects	-
tag_18_10_02.grammar.cmd_prefix.alt03	grammar	cmd_prefix	ASSIGNMENT_WORD	bd27a99be03f7a1cddc1199d64ba7a575c0401747ae041501135d247e05ba45a	closed	tests:test/boot/x86_64_shell_test.py#tag_18_10_02.grammar.cmd_prefix.alt03.assignment_word	-
tag_18_10_02.grammar.cmd_prefix.alt04	grammar	cmd_prefix	cmd_prefix ASSIGNMENT_WORD	eedea06f798b7db31bc198122856047ce467bcba47bb45ea96d003ca5defde47	closed	tests:test/boot/x86_64_shell_test.py#tag_18_10_02.grammar.cmd_prefix.alt04.recursive_assignments	-
tag_18_10_02.grammar.cmd_suffix.alt01	grammar	cmd_suffix	io_redirect	1cc317f7073d7ad34661edc5ba0e4f1732b23db1d48c470efec18207c3d46cad	closed	tests:test/boot/x86_64_shell_test.py#tag_18_10_02.grammar.cmd_suffix.alt01.single_io_redirect	-
tag_18_10_02.grammar.cmd_suffix.alt02	grammar	cmd_suffix	cmd_suffix io_redirect	ba11f51430abfda35859bf9232fa78c5ecd944182db5ff74fce098ad401305a5	closed	tests:test/boot/x86_64_shell_test.py#tag_18_10_02.grammar.cmd_suffix.alt02.multiple_io_redirects	-
tag_18_10_02.grammar.cmd_suffix.alt03	grammar	cmd_suffix	WORD	cb2df9a0081dc2de50afb86e0bd43752dc6983d13c411271a75302194aba4316	closed	tests:test/boot/x86_64_shell_test.py#tag_18_10_02.grammar.cmd_suffix.alt03.single_word	-
tag_18_10_02.grammar.cmd_suffix.alt04	grammar	cmd_suffix	cmd_suffix WORD	6e3673653dac71a804947d8b5e265401995cfc3727a35212758bfd3789f1eb12	closed	tests:test/boot/x86_64_shell_test.py#tag_18_10_02.grammar.cmd_suffix.alt04.recursive_words	-
tag_18_10_02.grammar.redirect_list.alt01	grammar	redirect_list	io_redirect	1cc317f7073d7ad34661edc5ba0e4f1732b23db1d48c470efec18207c3d46cad	closed	tests:test/boot/x86_64_shell_test.py#tag_18_10_02.grammar.redirect_list.alt01.single_compound_redirect	-
tag_18_10_02.grammar.redirect_list.alt02	grammar	redirect_list	redirect_list io_redirect	ebad62e29475a587998d23612bc1843b674caa223e7358c2a53ab2c01700fa50	closed	tests:test/boot/x86_64_shell_test.py#tag_18_10_02.grammar.redirect_list.alt02.multiple_compound_redirects	-
tag_18_10_02.grammar.io_redirect.alt01	grammar	io_redirect	io_file	954f0731993f1927d81a14522293add3bdb9e24a370176a391298b606b679611	closed	tests:test/boot/x86_64_shell_test.py#tag_18_10_02.grammar.io_redirect.alt01.unnumbered_io_file	-
tag_18_10_02.grammar.io_redirect.alt02	grammar	io_redirect	IO_NUMBER io_file	ed462e14a09e1d29188c40293e3d143d8c0a32a404292fee5c5dbc75e56e9684	closed	tests:test/boot/x86_64_shell_test.py#tag_18_10_02.grammar.io_redirect.alt02.numbered_io_file	-
tag_18_10_02.grammar.io_redirect.alt03	grammar	io_redirect	io_here	3d8b3131633c96de33a4f69a2b2e6cae0891c947877e11c9913c059362b30f12	closed	tests:test/boot/x86_64_shell_test.py#tag_18_10_02.grammar.io_redirect.alt03.unnumbered_io_here	-
tag_18_10_02.grammar.io_redirect.alt04	grammar	io_redirect	IO_NUMBER io_here	4eba9b856a28b53bdb2a1f4f7fc4dd0e03246d66dfca480331fcd7a1429673fa	closed	tests:test/boot/x86_64_shell_test.py#tag_18_10_02.grammar.io_redirect.alt04.numbered_io_here	-
tag_18_10_02.grammar.io_file.alt01	grammar	io_file	'<' filename	b2ae7365e484ef99cc2bd5c3e83d603c24129ad133a172c8790d65bd1206fc3c	closed	tests:test/boot/x86_64_shell_test.py#tag_18_10_02.grammar.io_file.alt01.input_file	-
tag_18_10_02.grammar.io_file.alt02	grammar	io_file	LESSAND filename	fea790ff08fa4e2523a57f8ca145ae328ff18e96ac97b1aee43b0c9cbada395a	closed	tests:test/boot/x86_64_shell_test.py#tag_18_10_02.grammar.io_file.alt02.duplicate_input	-
tag_18_10_02.grammar.io_file.alt03	grammar	io_file	'>' filename	7f1c7d56468e47798b86f41ea0ecc5e65b80589fbcf86dd0c1b6c4bc9229344f	closed	tests:test/boot/x86_64_shell_test.py#tag_18_10_02.grammar.io_file.alt03.output_file	-
tag_18_10_02.grammar.io_file.alt04	grammar	io_file	GREATAND filename	6d11e126a2fc2d6aca6ee403e7f46d320e532c4729ba3b090d90ccea8ce65f8c	closed	tests:test/boot/x86_64_shell_test.py#tag_18_10_02.grammar.io_file.alt04.duplicate_output	-
tag_18_10_02.grammar.io_file.alt05	grammar	io_file	DGREAT filename	3c13c940f35c7c715d92b8dc63a3c59f78d1d5fef78776d4e5821ead10188dd3	closed	tests:test/boot/x86_64_shell_test.py#tag_18_10_02.grammar.io_file.alt05.append_output	-
tag_18_10_02.grammar.io_file.alt06	grammar	io_file	LESSGREAT filename	10424a2caa482da2ea9b80dcbabea9ba68ecc5094318bf8fb87d2637f65c067b	closed	tests:test/boot/x86_64_shell_test.py#tag_18_10_02.grammar.io_file.alt06.read_write_file	-
tag_18_10_02.grammar.io_file.alt07	grammar	io_file	CLOBBER filename	4da50d79113b0fff9b9e92beef14b5585ea5ab349c81c66cb34f12da2fa875b4	closed	tests:test/boot/x86_64_shell_test.py#tag_18_10_02.grammar.io_file.alt07.clobber_override	-
tag_18_10_02.grammar.filename.alt01	grammar	filename	WORD /* Apply rule 2 */	231f3a82e7bc6d8efcaa2119393eef5e99c7b40d75d326b758081a8abc26478c	closed	tests:test/boot/x86_64_shell_test.py#tag_18_10_02.grammar.filename.alt01.single_field_expansion_boundary	-
tag_18_10_02.grammar.io_here.alt01	grammar	io_here	DLESS here_end	4ab7000967eb636a0c28f68390cd28bc58b350d33151c034cdd9e62c13ad4995	closed	tests:test/boot/x86_64_shell_test.py#tag_18_10_02.grammar.io_here.alt01.here_document	-
tag_18_10_02.grammar.io_here.alt02	grammar	io_here	DLESSDASH here_end	6d454dfc9fa1cf0c0ef4760895cc840fcf3472095058c80c9f8cfd6dd248ea59	closed	tests:test/boot/x86_64_shell_test.py#tag_18_10_02.grammar.io_here.alt02.tab_stripping_here_document	-
tag_18_10_02.grammar.here_end.alt01	grammar	here_end	WORD /* Apply rule 3 */	c863275057b89522022fd5d58f56e56e7be82a0213863dbd742cd5aefc5e2b84	closed	tests:test/boot/x86_64_shell_test.py#tag_18_10_02.grammar.here_end.alt01.quote_removed_word	-
tag_18_10_02.grammar.newline_list.alt01	grammar	newline_list	NEWLINE	25f3294754cc6ec3e527af947082441465e9ea74cee97ed72b34acf531f07d6e	closed	tests:test/boot/x86_64_shell_test.py#tag_18_10_02.grammar.newline_list.alt01.single_newline	-
tag_18_10_02.grammar.newline_list.alt02	grammar	newline_list	newline_list NEWLINE	35fb85de2c2d49a5acd7ee63ad8dd4682af3cdb8990cbee50cc5158712857f38	closed	tests:test/boot/x86_64_shell_test.py#tag_18_10_02.grammar.newline_list.alt02.multiple_newlines	-
tag_18_10_02.grammar.linebreak.alt01	grammar	linebreak	newline_list	e2e4f26722d6729f3599634d32236ea4ef3d90a070df162cccbb2c30914aae2d	closed	tests:test/boot/x86_64_shell_test.py#tag_18_10_02.grammar.linebreak.alt01.newline_list	-
tag_18_10_02.grammar.linebreak.alt02	grammar	linebreak	/* empty */	f4e94d3b40cd11e695cc72f8459c022ec04703c58143cb68069ff81795d5da77	closed	tests:test/boot/x86_64_shell_test.py#tag_18_10_02.grammar.linebreak.alt02.empty_linebreak	-
tag_18_10_02.grammar.separator_op.alt01	grammar	separator_op	'&'	91485dbbfa601fa9e0de33119046768cd486888732853d52e9bb9e78eef64faf	closed	tests:test/boot/x86_64_shell_test.py#tag_18_10_02.grammar.separator_op.alt01.ampersand	-
tag_18_10_02.grammar.separator_op.alt02	grammar	separator_op	';'	cf570839c10a83769518f67958fb34ecc8ec5f16f8b99c8deffc4ad5cf0f1559	closed	tests:test/boot/x86_64_shell_test.py#tag_18_10_02.grammar.separator_op.alt02.semicolon	-
tag_18_10_02.grammar.separator.alt01	grammar	separator	separator_op linebreak	3cfc35ec95c3bd6d3f4763e1d59a515d9c0407cea34f1a60a2c13bbf505e682e	closed	tests:test/boot/x86_64_shell_test.py#tag_18_10_02.grammar.separator.alt01.operator_linebreak	-
tag_18_10_02.grammar.separator.alt02	grammar	separator	newline_list	e2e4f26722d6729f3599634d32236ea4ef3d90a070df162cccbb2c30914aae2d	closed	tests:test/boot/x86_64_shell_test.py#tag_18_10_02.grammar.separator.alt02.newline_separator	-
tag_18_10_02.grammar.sequential_sep.alt01	grammar	sequential_sep	';' linebreak	efd6ea4ecdb6c441872ddf7b2239d03949a7b54e36604bfb35c415d4f58e9b67	closed	tests:test/boot/x86_64_shell_test.py#tag_18_10_02.grammar.sequential_sep.alt01.semicolon_linebreak	-
tag_18_10_02.grammar.sequential_sep.alt02	grammar	sequential_sep	newline_list	e2e4f26722d6729f3599634d32236ea4ef3d90a070df162cccbb2c30914aae2d	closed	tests:test/boot/x86_64_shell_test.py#tag_18_10_02.grammar.sequential_sep.alt02.newline_list	-
